{"0.22045967741590045":{"user_id":3},"0.5753038750938515":{"user_id":3},"0.25237294626946793":{"user_id":3},"0.1497905897563454":{"user_id":3}}